hand_num,stakes,date,table,max_players,button,players,start,preflop,flop
240969710083,$2.50/$5.00 USD,2023/01/07 2:39:00 ET,Ancha II,9,3,"
Seat 1: kelele45 ($514.50 in chips)
Seat 2: ljryviltj ($500 in chips)
Seat 3: oledgyk ($500 in chips)
Seat 4: RAidakCo ($818.30 in chips)
Seat 5: typ6oky3mu4 ($500 in chips)
Seat 8: spzilla ($477 in chips)
Seat 9: pelyatww ($500 in chips)","
Seat 9: pelyatww ($500 in chips)","
RAidakCo: posts small blind $2.50
typ6oky3mu4: posts big blind $5
AlexeSsz: sits out
PokerStarJ2: sits out
kelele45: posts the ante $1
ljryviltj: posts the ante $1
oledgyk: posts the ante $1
RAidakCo: posts the ante $1
typ6oky3mu4: posts the ante $1
spzilla: posts the ante $1
pelyatww: posts the ante $1","
pelyatww: posts the ante $1"
240969716803,$2.50/$5.00 USD,2023/01/07 2:39:57 ET,Ancha II,9,4,"
Seat 1: kelele45 ($513.50 in chips)
Seat 2: ljryviltj ($500 in chips)
Seat 3: oledgyk ($500 in chips)
Seat 4: RAidakCo ($814.80 in chips)
Seat 5: typ6oky3mu4 ($500 in chips)
Seat 6: AlexeSsz ($500 in chips)
Seat 8: spzilla ($533.39 in chips)
Seat 9: pelyatww ($500 in chips)","
Seat 9: pelyatww ($500 in chips)","
typ6oky3mu4: posts small blind $2.50
AlexeSsz: posts big blind $5
PokerStarJ2: sits out
kelele45: posts the ante $1
ljryviltj: posts the ante $1
oledgyk: posts the ante $1
RAidakCo: posts the ante $1
typ6oky3mu4: posts the ante $1
AlexeSsz: posts the ante $1
spzilla: posts the ante $1
pelyatww: posts the ante $1","
pelyatww: posts the ante $1"
240969728630,$2.50/$5.00 USD,2023/01/07 2:41:38 ET,Ancha II,9,6,"
Seat 1: kelele45 ($593 in chips)
Seat 2: ljryviltj ($500 in chips)
Seat 3: oledgyk ($500 in chips)
Seat 4: RAidakCo ($766.30 in chips)
Seat 5: typ6oky3mu4 ($500 in chips)
Seat 6: AlexeSsz ($500 in chips)
Seat 7: PokerStarJ2 ($523 in chips)
Seat 8: spzilla ($508.89 in chips)
Seat 9: pelyatww ($500 in chips)","
Seat 9: pelyatww ($500 in chips)","
PokerStarJ2: posts small blind $2.50
spzilla: posts big blind $5
kelele45: posts the ante $1
ljryviltj: posts the ante $1
oledgyk: posts the ante $1
RAidakCo: posts the ante $1
typ6oky3mu4: posts the ante $1
AlexeSsz: posts the ante $1
PokerStarJ2: posts the ante $1
spzilla: posts the ante $1
pelyatww: posts the ante $1","
pelyatww: posts the ante $1"
240969738876,$2.50/$5.00 USD,2023/01/07 2:43:05 ET,Ancha II,9,8,"
Seat 1: kelele45 ($591 in chips)
Seat 2: ljryviltj ($500 in chips)
Seat 3: oledgyk ($500 in chips)
Seat 4: RAidakCo ($764.30 in chips)
Seat 5: typ6oky3mu4 ($500 in chips)
Seat 6: AlexeSsz ($515.50 in chips)
Seat 7: PokerStarJ2 ($518.50 in chips)
Seat 8: spzilla ($545.65 in chips)
Seat 9: pelyatww ($500 in chips)","
Seat 9: pelyatww ($500 in chips)","
pelyatww: posts small blind $2.50
kelele45: posts big blind $5
kelele45: posts the ante $1
ljryviltj: posts the ante $1
oledgyk: posts the ante $1
RAidakCo: posts the ante $1
typ6oky3mu4: posts the ante $1
AlexeSsz: posts the ante $1
PokerStarJ2: posts the ante $1
spzilla: posts the ante $1
pelyatww: posts the ante $1","
pelyatww: posts the ante $1"
240969744943,$2.50/$5.00 USD,2023/01/07 2:43:57 ET,Ancha II,9,9,"
Seat 1: kelele45 ($577.50 in chips)
Seat 2: ljryviltj ($500 in chips)
Seat 3: oledgyk ($500 in chips)
Seat 4: RAidakCo ($763.30 in chips)
Seat 5: typ6oky3mu4 ($500 in chips)
Seat 6: AlexeSsz ($514.50 in chips)
Seat 7: PokerStarJ2 ($517.50 in chips)
Seat 8: spzilla ($578.70 in chips)
Seat 9: pelyatww ($500 in chips)","
Seat 9: pelyatww ($500 in chips)","
kelele45: posts small blind $2.50
ljryviltj: posts big blind $5
kelele45: posts the ante $1
ljryviltj: posts the ante $1
oledgyk: posts the ante $1
RAidakCo: posts the ante $1
typ6oky3mu4: posts the ante $1
AlexeSsz: posts the ante $1
PokerStarJ2: posts the ante $1
spzilla: posts the ante $1
pelyatww: posts the ante $1","
pelyatww: posts the ante $1"
240969758186,$2.50/$5.00 USD,2023/01/07 2:45:49 ET,Ancha II,9,3,"
Seat 1: kelele45 ($572 in chips)
Seat 2: ljryviltj ($500 in chips)
Seat 3: oledgyk ($507 in chips)
Seat 4: RAidakCo ($655.91 in chips)
Seat 5: typ6oky3mu4 ($500 in chips)
Seat 6: AlexeSsz ($511.50 in chips)
Seat 7: PokerStarJ2 ($654.89 in chips)
Seat 8: spzilla ($575.70 in chips)
Seat 9: pelyatww ($500 in chips)","
Seat 9: pelyatww ($500 in chips)","
RAidakCo: posts small blind $2.50
typ6oky3mu4: posts big blind $5
kelele45: posts the ante $1
ljryviltj: posts the ante $1
oledgyk: posts the ante $1
RAidakCo: posts the ante $1
typ6oky3mu4: posts the ante $1
AlexeSsz: posts the ante $1
PokerStarJ2: posts the ante $1
spzilla: posts the ante $1
pelyatww: posts the ante $1","
pelyatww: posts the ante $1"
240969771193,$2.50/$5.00 USD,2023/01/07 2:47:40 ET,Ancha II,9,6,"
Seat 1: kelele45 ($647 in chips)
Seat 2: ljryviltj ($500 in chips)
Seat 3: oledgyk ($504 in chips)
Seat 4: RAidakCo ($650.41 in chips)
Seat 5: typ6oky3mu4 ($527.04 in chips)
Seat 6: AlexeSsz ($501 in chips)
Seat 7: PokerStarJ2 ($622.87 in chips)
Seat 8: spzilla ($572.70 in chips)
Seat 9: pelyatww ($500 in chips)","
Seat 9: pelyatww ($500 in chips)","
PokerStarJ2: posts small blind $2.50
spzilla: posts big blind $5
kelele45: posts the ante $1
ljryviltj: posts the ante $1
oledgyk: posts the ante $1
RAidakCo: posts the ante $1
typ6oky3mu4: posts the ante $1
AlexeSsz: posts the ante $1
PokerStarJ2: posts the ante $1
spzilla: posts the ante $1
pelyatww: posts the ante $1","
pelyatww: posts the ante $1"
240969777066,$2.50/$5.00 USD,2023/01/07 2:48:29 ET,Ancha II,9,7,"
Seat 1: kelele45 ($646 in chips)
Seat 2: ljryviltj ($500 in chips)
Seat 3: oledgyk ($503 in chips)
Seat 4: RAidakCo ($649.41 in chips)
Seat 5: typ6oky3mu4 ($502.10 in chips)
Seat 6: AlexeSsz ($500 in chips)
Seat 7: PokerStarJ2 ($619.37 in chips)
Seat 8: spzilla ($604.17 in chips)
Seat 9: pelyatww ($500 in chips)","
Seat 9: pelyatww ($500 in chips)","
spzilla: posts small blind $2.50
pelyatww: posts big blind $5
kelele45: posts the ante $1
ljryviltj: posts the ante $1
oledgyk: posts the ante $1
RAidakCo: posts the ante $1
typ6oky3mu4: posts the ante $1
AlexeSsz: posts the ante $1
PokerStarJ2: posts the ante $1
spzilla: posts the ante $1
pelyatww: posts the ante $1","
pelyatww: posts the ante $1"
240969781704,$2.50/$5.00 USD,2023/01/07 2:49:09 ET,Ancha II,9,8,"
Seat 1: kelele45 ($686.05 in chips)
Seat 2: ljryviltj ($500 in chips)
Seat 3: oledgyk ($502 in chips)
Seat 4: RAidakCo ($648.41 in chips)
Seat 5: typ6oky3mu4 ($501.10 in chips)
Seat 6: AlexeSsz ($500 in chips)
Seat 7: PokerStarJ2 ($603.37 in chips)
Seat 8: spzilla ($588.17 in chips)
Seat 9: pelyatww ($500 in chips)","
Seat 9: pelyatww ($500 in chips)","
pelyatww: posts small blind $2.50
kelele45: posts big blind $5
kelele45: posts the ante $1
ljryviltj: posts the ante $1
oledgyk: posts the ante $1
RAidakCo: posts the ante $1
typ6oky3mu4: posts the ante $1
AlexeSsz: posts the ante $1
PokerStarJ2: posts the ante $1
spzilla: posts the ante $1
pelyatww: posts the ante $1","
pelyatww: posts the ante $1"
240969793051,$2.50/$5.00 USD,2023/01/07 2:50:44 ET,Ancha II,9,1,"
Seat 1: kelele45 ($500 in chips)
Seat 2: ljryviltj ($500 in chips)
Seat 3: oledgyk ($500 in chips)
Seat 4: RAidakCo ($646.41 in chips)
Seat 5: typ6oky3mu4 ($500 in chips)
Seat 6: AlexeSsz ($515.50 in chips)
Seat 7: PokerStarJ2 ($588.82 in chips)
Seat 8: spzilla ($802.85 in chips)
Seat 9: pelyatww ($500 in chips)","
Seat 9: pelyatww ($500 in chips)","
ljryviltj: posts small blind $2.50
oledgyk: posts big blind $5
kelele45: posts the ante $1
ljryviltj: posts the ante $1
oledgyk: posts the ante $1
RAidakCo: posts the ante $1
typ6oky3mu4: posts the ante $1
AlexeSsz: posts the ante $1
PokerStarJ2: posts the ante $1
spzilla: posts the ante $1
pelyatww: posts the ante $1","
pelyatww: posts the ante $1"
240969796892,$2.50/$5.00 USD,2023/01/07 2:51:16 ET,Ancha II,9,2,"
Seat 1: kelele45 ($500 in chips)
Seat 2: ljryviltj ($500 in chips)
Seat 3: oledgyk ($500 in chips)
Seat 4: RAidakCo ($689.51 in chips)
Seat 5: typ6oky3mu4 ($500 in chips)
Seat 6: AlexeSsz ($514.50 in chips)
Seat 7: PokerStarJ2 ($587.82 in chips)
Seat 8: spzilla ($790.85 in chips)
Seat 9: pelyatww ($500 in chips)","
Seat 9: pelyatww ($500 in chips)","
oledgyk: posts small blind $2.50
RAidakCo: posts big blind $5
kelele45: posts the ante $1
ljryviltj: posts the ante $1
oledgyk: posts the ante $1
RAidakCo: posts the ante $1
typ6oky3mu4: posts the ante $1
AlexeSsz: posts the ante $1
PokerStarJ2: posts the ante $1
spzilla: posts the ante $1
pelyatww: posts the ante $1","
pelyatww: posts the ante $1"
240969803524,$2.50/$5.00 USD,2023/01/07 2:52:11 ET,Ancha II,9,3,"
Seat 1: kelele45 ($500 in chips)
Seat 2: ljryviltj ($500 in chips)
Seat 3: oledgyk ($525.80 in chips)
Seat 4: RAidakCo ($683.51 in chips)
Seat 5: typ6oky3mu4 ($500 in chips)
Seat 6: AlexeSsz ($513.50 in chips)
Seat 7: PokerStarJ2 ($586.82 in chips)
Seat 8: spzilla ($774.85 in chips)
Seat 9: pelyatww ($500 in chips)","
Seat 9: pelyatww ($500 in chips)","
RAidakCo: posts small blind $2.50
typ6oky3mu4: posts big blind $5
kelele45: posts the ante $1
ljryviltj: posts the ante $1
oledgyk: posts the ante $1
RAidakCo: posts the ante $1
typ6oky3mu4: posts the ante $1
AlexeSsz: posts the ante $1
PokerStarJ2: posts the ante $1
spzilla: posts the ante $1
pelyatww: posts the ante $1","
pelyatww: posts the ante $1"
240969808803,$2.50/$5.00 USD,2023/01/07 2:52:57 ET,Ancha II,9,4,"
Seat 1: kelele45 ($500 in chips)
Seat 2: ljryviltj ($500 in chips)
Seat 3: oledgyk ($524.80 in chips)
Seat 4: RAidakCo ($680.01 in chips)
Seat 5: typ6oky3mu4 ($500 in chips)
Seat 6: AlexeSsz ($512.50 in chips)
Seat 7: PokerStarJ2 ($612.79 in chips)
Seat 8: spzilla ($761.30 in chips)
Seat 9: pelyatww ($500 in chips)","
Seat 9: pelyatww ($500 in chips)","
typ6oky3mu4: posts small blind $2.50
AlexeSsz: posts big blind $5
kelele45: posts the ante $1
ljryviltj: posts the ante $1
oledgyk: posts the ante $1
RAidakCo: posts the ante $1
typ6oky3mu4: posts the ante $1
AlexeSsz: posts the ante $1
PokerStarJ2: posts the ante $1
spzilla: posts the ante $1
pelyatww: posts the ante $1","
pelyatww: posts the ante $1"
240969825489,$2.50/$5.00 USD,2023/01/07 2:55:19 ET,Ancha II,9,7,"
Seat 1: kelele45 ($500 in chips)
Seat 2: ljryviltj ($500 in chips)
Seat 3: oledgyk ($521.80 in chips)
Seat 4: RAidakCo ($666.01 in chips)
Seat 5: typ6oky3mu4 ($500 in chips)
Seat 6: AlexeSsz ($1054.96 in chips)
Seat 7: PokerStarJ2 ($518 in chips)
Seat 8: spzilla ($741.84 in chips)
Seat 9: pelyatww ($500 in chips)","
Seat 9: pelyatww ($500 in chips)","
spzilla: posts small blind $2.50
pelyatww: posts big blind $5
kelele45: posts the ante $1
ljryviltj: posts the ante $1
oledgyk: posts the ante $1
RAidakCo: posts the ante $1
typ6oky3mu4: posts the ante $1
AlexeSsz: posts the ante $1
PokerStarJ2: posts the ante $1
spzilla: posts the ante $1
pelyatww: posts the ante $1","
pelyatww: posts the ante $1"
240969836461,$2.50/$5.00 USD,2023/01/07 2:57:04 ET,Ancha II,9,9,"
Seat 1: kelele45 ($642.50 in chips)
Seat 2: ljryviltj ($500 in chips)
Seat 3: oledgyk ($500 in chips)
Seat 4: RAidakCo ($653.01 in chips)
Seat 5: typ6oky3mu4 ($500 in chips)
Seat 6: AlexeSsz ($1052.96 in chips)
Seat 7: PokerStarJ2 ($516 in chips)
Seat 8: spzilla ($678.84 in chips)
Seat 9: pelyatww ($500 in chips)","
Seat 9: pelyatww ($500 in chips)","
kelele45: posts small blind $2.50
ljryviltj: posts big blind $5
kelele45: posts the ante $1
ljryviltj: posts the ante $1
oledgyk: posts the ante $1
RAidakCo: posts the ante $1
typ6oky3mu4: posts the ante $1
AlexeSsz: posts the ante $1
PokerStarJ2: posts the ante $1
spzilla: posts the ante $1
pelyatww: posts the ante $1","
pelyatww: posts the ante $1"
240969844907,$2.50/$5.00 USD,2023/01/07 2:58:22 ET,Ancha II,9,1,"
Seat 1: kelele45 ($639 in chips)
Seat 2: ljryviltj ($705 in chips)
Seat 3: oledgyk ($500 in chips)
Seat 4: RAidakCo ($652.01 in chips)
Seat 5: typ6oky3mu4 ($500 in chips)
Seat 6: AlexeSsz ($1051.96 in chips)
Seat 7: PokerStarJ2 ($502.50 in chips)
Seat 8: spzilla ($517.84 in chips)
Seat 9: pelyatww ($500 in chips)","
Seat 9: pelyatww ($500 in chips)","
ljryviltj: posts small blind $2.50
oledgyk: posts big blind $5
kelele45: posts the ante $1
ljryviltj: posts the ante $1
oledgyk: posts the ante $1
RAidakCo: posts the ante $1
typ6oky3mu4: posts the ante $1
AlexeSsz: posts the ante $1
PokerStarJ2: posts the ante $1
spzilla: posts the ante $1
pelyatww: posts the ante $1","
pelyatww: posts the ante $1"
240969852004,$2.50/$5.00 USD,2023/01/07 2:59:28 ET,Ancha II,9,3,"
Seat 1: kelele45 ($637 in chips)
Seat 2: ljryviltj ($660.50 in chips)
Seat 3: oledgyk ($513 in chips)
Seat 4: RAidakCo ($645.01 in chips)
Seat 5: typ6oky3mu4 ($500 in chips)
Seat 6: AlexeSsz ($1049.96 in chips)
Seat 7: PokerStarJ2 ($500.50 in chips)
Seat 8: spzilla ($569.34 in chips)
Seat 9: pelyatww ($500 in chips)","
Seat 9: pelyatww ($500 in chips)","
RAidakCo: posts small blind $2.50
typ6oky3mu4: posts big blind $5
kelele45: posts the ante $1
ljryviltj: posts the ante $1
oledgyk: posts the ante $1
RAidakCo: posts the ante $1
typ6oky3mu4: posts the ante $1
AlexeSsz: posts the ante $1
PokerStarJ2: posts the ante $1
spzilla: posts the ante $1
pelyatww: posts the ante $1","
pelyatww: posts the ante $1"
240969857865,$2.50/$5.00 USD,2023/01/07 3:00:22 ET,Ancha II,9,4,"
Seat 1: kelele45 ($636 in chips)
Seat 2: ljryviltj ($659.50 in chips)
Seat 3: oledgyk ($512 in chips)
Seat 4: RAidakCo ($641.51 in chips)
Seat 5: typ6oky3mu4 ($500 in chips)
Seat 6: AlexeSsz ($1048.96 in chips)
Seat 7: PokerStarJ2 ($500 in chips)
Seat 8: spzilla ($521.50 in chips)
Seat 9: pelyatww ($559.34 in chips)","
Seat 9: pelyatww ($559.34 in chips)","
typ6oky3mu4: posts small blind $2.50
AlexeSsz: posts big blind $5
kelele45: posts the ante $1
ljryviltj: posts the ante $1
oledgyk: posts the ante $1
RAidakCo: posts the ante $1
typ6oky3mu4: posts the ante $1
AlexeSsz: posts the ante $1
PokerStarJ2: posts the ante $1
spzilla: posts the ante $1
pelyatww: posts the ante $1","
pelyatww: posts the ante $1"
240969867493,$2.50/$5.00 USD,2023/01/07 3:01:45 ET,Ancha II,9,6,"
Seat 1: kelele45 ($634 in chips)
Seat 2: ljryviltj ($657.50 in chips)
Seat 3: oledgyk ($510 in chips)
Seat 4: RAidakCo ($579.51 in chips)
Seat 5: typ6oky3mu4 ($500 in chips)
Seat 6: AlexeSsz ($1090.46 in chips)
Seat 7: PokerStarJ2 ($538 in chips)
Seat 8: spzilla ($514.50 in chips)
Seat 9: pelyatww ($557.34 in chips)","
Seat 9: pelyatww ($557.34 in chips)","
PokerStarJ2: posts small blind $2.50
spzilla: posts big blind $5
kelele45: posts the ante $1
ljryviltj: posts the ante $1
oledgyk: posts the ante $1
RAidakCo: posts the ante $1
typ6oky3mu4: posts the ante $1
AlexeSsz: posts the ante $1
PokerStarJ2: posts the ante $1
spzilla: posts the ante $1
pelyatww: posts the ante $1","
pelyatww: posts the ante $1"
240969880186,$2.50/$5.00 USD,2023/01/07 3:03:30 ET,Ancha II,9,8,"
Seat 1: kelele45 ($632 in chips)
Seat 2: ljryviltj ($655.50 in chips)
Seat 3: oledgyk ($508 in chips)
Seat 4: RAidakCo ($577.51 in chips)
Seat 5: typ6oky3mu4 ($500 in chips)
Seat 6: AlexeSsz ($991.57 in chips)
Seat 7: PokerStarJ2 ($533.50 in chips)
Seat 8: spzilla ($482.15 in chips)
Seat 9: pelyatww ($700.08 in chips)","
Seat 9: pelyatww ($700.08 in chips)","
pelyatww: posts small blind $2.50
kelele45: posts big blind $5
kelele45: posts the ante $1
ljryviltj: posts the ante $1
oledgyk: posts the ante $1
RAidakCo: posts the ante $1
typ6oky3mu4: posts the ante $1
AlexeSsz: posts the ante $1
PokerStarJ2: posts the ante $1
spzilla: posts the ante $1
pelyatww: posts the ante $1","
pelyatww: posts the ante $1"
240969889554,$2.50/$5.00 USD,2023/01/07 3:04:49 ET,Ancha II,9,9,"
Seat 1: kelele45 ($618.50 in chips)
Seat 2: ljryviltj ($642 in chips)
Seat 3: oledgyk ($500 in chips)
Seat 4: RAidakCo ($576.51 in chips)
Seat 5: typ6oky3mu4 ($500 in chips)
Seat 6: AlexeSsz ($990.57 in chips)
Seat 7: PokerStarJ2 ($532.50 in chips)
Seat 8: spzilla ($575.15 in chips)
Seat 9: pelyatww ($696.58 in chips)","
Seat 9: pelyatww ($696.58 in chips)","
kelele45: posts small blind $2.50
ljryviltj: posts big blind $5
kelele45: posts the ante $1
ljryviltj: posts the ante $1
oledgyk: posts the ante $1
RAidakCo: posts the ante $1
typ6oky3mu4: posts the ante $1
AlexeSsz: posts the ante $1
PokerStarJ2: posts the ante $1
spzilla: posts the ante $1
pelyatww: posts the ante $1","
pelyatww: posts the ante $1"
240969894757,$2.50/$5.00 USD,2023/01/07 3:05:32 ET,Ancha II,9,1,"
Seat 1: kelele45 ($574.20 in chips)
Seat 2: ljryviltj ($636 in chips)
Seat 3: oledgyk ($500 in chips)
Seat 4: RAidakCo ($575.51 in chips)
Seat 5: typ6oky3mu4 ($500 in chips)
Seat 6: AlexeSsz ($989.57 in chips)
Seat 7: PokerStarJ2 ($531.50 in chips)
Seat 8: spzilla ($628.45 in chips)
Seat 9: pelyatww ($695.58 in chips)","
Seat 9: pelyatww ($695.58 in chips)","
ljryviltj: posts small blind $2.50
oledgyk: posts big blind $5
kelele45: posts the ante $1
ljryviltj: posts the ante $1
oledgyk: posts the ante $1
RAidakCo: posts the ante $1
typ6oky3mu4: posts the ante $1
AlexeSsz: posts the ante $1
PokerStarJ2: posts the ante $1
spzilla: posts the ante $1
pelyatww: posts the ante $1","
pelyatww: posts the ante $1"
240969905820,$2.50/$5.00 USD,2023/01/07 3:07:03 ET,Ancha II,9,3,"
Seat 1: kelele45 ($572.20 in chips)
Seat 2: ljryviltj ($631.50 in chips)
Seat 3: oledgyk ($500 in chips)
Seat 4: RAidakCo ($603.98 in chips)
Seat 5: typ6oky3mu4 ($500 in chips)
Seat 6: AlexeSsz ($1016.57 in chips)
Seat 7: PokerStarJ2 ($529.50 in chips)
Seat 8: spzilla ($604.48 in chips)
Seat 9: pelyatww ($693.58 in chips)","
Seat 9: pelyatww ($693.58 in chips)","
RAidakCo: posts small blind $2.50
typ6oky3mu4: posts big blind $5
kelele45: posts the ante $1
ljryviltj: posts the ante $1
oledgyk: posts the ante $1
RAidakCo: posts the ante $1
typ6oky3mu4: posts the ante $1
AlexeSsz: posts the ante $1
PokerStarJ2: posts the ante $1
spzilla: posts the ante $1
pelyatww: posts the ante $1","
pelyatww: posts the ante $1"
240969926777,$2.50/$5.00 USD,2023/01/07 3:09:56 ET,Ancha II,9,7,"
Seat 1: kelele45 ($584.70 in chips)
Seat 2: ljryviltj ($708.65 in chips)
Seat 3: oledgyk ($500 in chips)
Seat 4: RAidakCo ($630.48 in chips)
Seat 5: typ6oky3mu4 ($500 in chips)
Seat 6: AlexeSsz ($1005.07 in chips)
Seat 7: PokerStarJ2 ($500 in chips)
Seat 8: spzilla ($582.93 in chips)","
Seat 8: spzilla ($582.93 in chips)","
spzilla: posts small blind $2.50
kelele45: posts big blind $5
kelele45: posts the ante $1
ljryviltj: posts the ante $1
oledgyk: posts the ante $1
RAidakCo: posts the ante $1
typ6oky3mu4: posts the ante $1
AlexeSsz: posts the ante $1
PokerStarJ2: posts the ante $1
spzilla: posts the ante $1","
spzilla: posts the ante $1"
240969936257,$2.50/$5.00 USD,2023/01/07 3:11:13 ET,Ancha II,9,8,"
Seat 1: kelele45 ($578.70 in chips)
Seat 2: ljryviltj ($707.65 in chips)
Seat 3: oledgyk ($500 in chips)
Seat 4: RAidakCo ($530.18 in chips)
Seat 5: typ6oky3mu4 ($500 in chips)
Seat 6: AlexeSsz ($1004.07 in chips)
Seat 7: PokerStarJ2 ($500 in chips)
Seat 8: spzilla ($691.23 in chips)","
Seat 8: spzilla ($691.23 in chips)","
kelele45: posts small blind $2.50
ljryviltj: posts big blind $5
kelele45: posts the ante $1
ljryviltj: posts the ante $1
oledgyk: posts the ante $1
RAidakCo: posts the ante $1
typ6oky3mu4: posts the ante $1
AlexeSsz: posts the ante $1
PokerStarJ2: posts the ante $1
spzilla: posts the ante $1","
spzilla: posts the ante $1"
240969940619,$2.50/$5.00 USD,2023/01/07 3:11:49 ET,Ancha II,9,1,"
Seat 1: kelele45 ($575.20 in chips)
Seat 2: ljryviltj ($701.65 in chips)
Seat 3: oledgyk ($500 in chips)
Seat 4: RAidakCo ($529.18 in chips)
Seat 5: typ6oky3mu4 ($500 in chips)
Seat 6: AlexeSsz ($1003.07 in chips)
Seat 7: PokerStarJ2 ($536.78 in chips)
Seat 8: spzilla ($664.95 in chips)","
Seat 8: spzilla ($664.95 in chips)","
ljryviltj: posts small blind $2.50
oledgyk: posts big blind $5
kelele45: posts the ante $1
ljryviltj: posts the ante $1
oledgyk: posts the ante $1
RAidakCo: posts the ante $1
typ6oky3mu4: posts the ante $1
AlexeSsz: posts the ante $1
PokerStarJ2: posts the ante $1
spzilla: posts the ante $1","
spzilla: posts the ante $1"
240969946518,$2.50/$5.00 USD,2023/01/07 3:12:37 ET,Ancha II,9,2,"
Seat 1: kelele45 ($574.20 in chips)
Seat 2: ljryviltj ($698.15 in chips)
Seat 3: oledgyk ($534 in chips)
Seat 4: RAidakCo ($528.18 in chips)
Seat 5: typ6oky3mu4 ($500 in chips)
Seat 6: AlexeSsz ($1002.07 in chips)
Seat 7: PokerStarJ2 ($535.78 in chips)
Seat 8: spzilla ($636.45 in chips)","
Seat 8: spzilla ($636.45 in chips)","
oledgyk: posts small blind $2.50
RAidakCo: posts big blind $5
kelele45: posts the ante $1
ljryviltj: posts the ante $1
oledgyk: posts the ante $1
RAidakCo: posts the ante $1
typ6oky3mu4: posts the ante $1
AlexeSsz: posts the ante $1
PokerStarJ2: posts the ante $1
spzilla: posts the ante $1","
spzilla: posts the ante $1"
240969957682,$2.50/$5.00 USD,2023/01/07 3:14:08 ET,Ancha II,9,3,"
Seat 1: kelele45 ($573.20 in chips)
Seat 2: ljryviltj ($697.15 in chips)
Seat 3: oledgyk ($500 in chips)
Seat 4: RAidakCo ($522.18 in chips)
Seat 5: typ6oky3mu4 ($500 in chips)
Seat 6: AlexeSsz ($1001.07 in chips)
Seat 7: PokerStarJ2 ($534.78 in chips)
Seat 8: spzilla ($723.45 in chips)","
Seat 8: spzilla ($723.45 in chips)","
RAidakCo: posts small blind $2.50
typ6oky3mu4: posts big blind $5
kelele45: posts the ante $1
ljryviltj: posts the ante $1
oledgyk: posts the ante $1
RAidakCo: posts the ante $1
typ6oky3mu4: posts the ante $1
AlexeSsz: posts the ante $1
PokerStarJ2: posts the ante $1
spzilla: posts the ante $1","
spzilla: posts the ante $1"
240969960761,$2.50/$5.00 USD,2023/01/07 3:14:34 ET,Ancha II,9,4,"
Seat 1: kelele45 ($572.20 in chips)
Seat 2: ljryviltj ($696.15 in chips)
Seat 3: oledgyk ($500 in chips)
Seat 4: RAidakCo ($518.68 in chips)
Seat 5: typ6oky3mu4 ($500 in chips)
Seat 6: AlexeSsz ($1000.07 in chips)
Seat 7: PokerStarJ2 ($533.78 in chips)
Seat 8: spzilla ($741.67 in chips)","
Seat 8: spzilla ($741.67 in chips)","
typ6oky3mu4: posts small blind $2.50
AlexeSsz: posts big blind $5
kelele45: posts the ante $1
ljryviltj: posts the ante $1
oledgyk: posts the ante $1
RAidakCo: posts the ante $1
typ6oky3mu4: posts the ante $1
AlexeSsz: posts the ante $1
PokerStarJ2: posts the ante $1
spzilla: posts the ante $1","
spzilla: posts the ante $1"
240969968344,$2.50/$5.00 USD,2023/01/07 3:15:35 ET,Ancha II,9,5,"
Seat 1: kelele45 ($571.20 in chips)
Seat 2: ljryviltj ($695.15 in chips)
Seat 3: oledgyk ($500 in chips)
Seat 4: RAidakCo ($517.68 in chips)
Seat 5: typ6oky3mu4 ($500 in chips)
Seat 6: AlexeSsz ($994.07 in chips)
Seat 7: PokerStarJ2 ($500 in chips)
Seat 8: spzilla ($810.47 in chips)","
Seat 8: spzilla ($810.47 in chips)","
AlexeSsz: posts small blind $2.50
PokerStarJ2: posts big blind $5
kelele45: posts the ante $1
ljryviltj: posts the ante $1
oledgyk: posts the ante $1
RAidakCo: posts the ante $1
typ6oky3mu4: posts the ante $1
AlexeSsz: posts the ante $1
PokerStarJ2: posts the ante $1
spzilla: posts the ante $1","
spzilla: posts the ante $1"
240969972909,$2.50/$5.00 USD,2023/01/07 3:16:13 ET,Ancha II,9,6,"
Seat 1: kelele45 ($570.20 in chips)
Seat 2: ljryviltj ($694.15 in chips)
Seat 3: oledgyk ($500 in chips)
Seat 4: RAidakCo ($516.68 in chips)
Seat 5: typ6oky3mu4 ($500 in chips)
Seat 6: AlexeSsz ($988.07 in chips)
Seat 7: PokerStarJ2 ($500 in chips)
Seat 8: spzilla ($826.32 in chips)","
Seat 8: spzilla ($826.32 in chips)","
PokerStarJ2: posts small blind $2.50
spzilla: posts big blind $5
kelele45: posts the ante $1
ljryviltj: posts the ante $1
oledgyk: posts the ante $1
RAidakCo: posts the ante $1
typ6oky3mu4: posts the ante $1
AlexeSsz: posts the ante $1
PokerStarJ2: posts the ante $1
spzilla: posts the ante $1","
spzilla: posts the ante $1"
240969976694,$2.50/$5.00 USD,2023/01/07 3:16:44 ET,Ancha II,9,7,"
Seat 1: kelele45 ($569.20 in chips)
Seat 2: ljryviltj ($714.37 in chips)
Seat 3: oledgyk ($500 in chips)
Seat 4: RAidakCo ($515.68 in chips)
Seat 5: typ6oky3mu4 ($500 in chips)
Seat 6: AlexeSsz ($987.07 in chips)
Seat 7: PokerStarJ2 ($500 in chips)
Seat 8: spzilla ($812.82 in chips)
Seat 9: pelyatww ($689.58 in chips)","
Seat 9: pelyatww ($689.58 in chips)","
spzilla: posts small blind $2.50
pelyatww: posts big blind $5
kelele45: posts the ante $1
ljryviltj: posts the ante $1
oledgyk: posts the ante $1
RAidakCo: posts the ante $1
typ6oky3mu4: posts the ante $1
AlexeSsz: posts the ante $1
PokerStarJ2: posts the ante $1
spzilla: posts the ante $1
pelyatww: posts the ante $1","
pelyatww: posts the ante $1"
240969988254,$2.50/$5.00 USD,2023/01/07 3:18:17 ET,Ancha II,9,8,"
Seat 1: kelele45 ($568.20 in chips)
Seat 2: ljryviltj ($713.37 in chips)
Seat 3: oledgyk ($582.50 in chips)
Seat 4: RAidakCo ($514.68 in chips)
Seat 5: typ6oky3mu4 ($500 in chips)
Seat 6: AlexeSsz ($986.07 in chips)
Seat 7: PokerStarJ2 ($500 in chips)
Seat 8: spzilla ($754.32 in chips)
Seat 9: pelyatww ($683.58 in chips)","
Seat 9: pelyatww ($683.58 in chips)","
pelyatww: posts small blind $2.50
kelele45: posts big blind $5
kelele45: posts the ante $1
ljryviltj: posts the ante $1
oledgyk: posts the ante $1
RAidakCo: posts the ante $1
typ6oky3mu4: posts the ante $1
AlexeSsz: posts the ante $1
PokerStarJ2: posts the ante $1
spzilla: posts the ante $1
pelyatww: posts the ante $1","
pelyatww: posts the ante $1"
240969995382,$2.50/$5.00 USD,2023/01/07 3:19:15 ET,Ancha II,9,9,"
Seat 1: kelele45 ($500 in chips)
Seat 2: ljryviltj ($712.37 in chips)
Seat 3: oledgyk ($581.50 in chips)
Seat 4: RAidakCo ($513.68 in chips)
Seat 5: typ6oky3mu4 ($500 in chips)
Seat 6: AlexeSsz ($1178.57 in chips)
Seat 7: PokerStarJ2 ($500 in chips)
Seat 8: spzilla ($683.32 in chips)
Seat 9: pelyatww ($680.08 in chips)","
Seat 9: pelyatww ($680.08 in chips)","
kelele45: posts small blind $2.50
ljryviltj: posts big blind $5
kelele45: posts the ante $1
ljryviltj: posts the ante $1
oledgyk: posts the ante $1
RAidakCo: posts the ante $1
typ6oky3mu4: posts the ante $1
AlexeSsz: posts the ante $1
PokerStarJ2: posts the ante $1
spzilla: posts the ante $1
pelyatww: posts the ante $1","
pelyatww: posts the ante $1"
240970002813,$2.50/$5.00 USD,2023/01/07 3:20:16 ET,Ancha II,9,2,"
Seat 1: kelele45 ($500 in chips)
Seat 2: ljryviltj ($680.47 in chips)
Seat 3: oledgyk ($574.50 in chips)
Seat 4: RAidakCo ($528.18 in chips)
Seat 5: typ6oky3mu4 ($500 in chips)
Seat 6: AlexeSsz ($1212.47 in chips)
Seat 7: PokerStarJ2 ($500 in chips)
Seat 8: spzilla ($681.32 in chips)
Seat 9: pelyatww ($678.08 in chips)","
Seat 9: pelyatww ($678.08 in chips)","
oledgyk: posts small blind $2.50
RAidakCo: posts big blind $5
kelele45: posts the ante $1
ljryviltj: posts the ante $1
oledgyk: posts the ante $1
RAidakCo: posts the ante $1
typ6oky3mu4: posts the ante $1
AlexeSsz: posts the ante $1
PokerStarJ2: posts the ante $1
spzilla: posts the ante $1
pelyatww: posts the ante $1","
pelyatww: posts the ante $1"
240970024468,$2.50/$5.00 USD,2023/01/07 3:23:13 ET,Ancha II,9,4,"
Seat 1: kelele45 ($500 in chips)
Seat 2: ljryviltj ($678.47 in chips)
Seat 3: oledgyk ($500 in chips)
Seat 4: RAidakCo ($1039.36 in chips)
Seat 5: typ6oky3mu4 ($533 in chips)
Seat 6: AlexeSsz ($1210.47 in chips)
Seat 7: PokerStarJ2 ($500 in chips)
Seat 8: spzilla ($674.32 in chips)
Seat 9: pelyatww ($676.08 in chips)","
Seat 9: pelyatww ($676.08 in chips)","
typ6oky3mu4: posts small blind $2.50
AlexeSsz: posts big blind $5
kelele45: posts the ante $1
ljryviltj: posts the ante $1
oledgyk: posts the ante $1
RAidakCo: posts the ante $1
typ6oky3mu4: posts the ante $1
AlexeSsz: posts the ante $1
PokerStarJ2: posts the ante $1
spzilla: posts the ante $1
pelyatww: posts the ante $1","
pelyatww: posts the ante $1"
240970030150,$2.50/$5.00 USD,2023/01/07 3:24:00 ET,Ancha II,9,5,"
Seat 1: kelele45 ($500 in chips)
Seat 2: ljryviltj ($677.47 in chips)
Seat 3: oledgyk ($500 in chips)
Seat 4: RAidakCo ($1085.37 in chips)
Seat 5: typ6oky3mu4 ($529.50 in chips)
Seat 6: AlexeSsz ($1170.96 in chips)
Seat 7: PokerStarJ2 ($500 in chips)
Seat 8: spzilla ($673.32 in chips)
Seat 9: pelyatww ($675.08 in chips)","
Seat 9: pelyatww ($675.08 in chips)","
AlexeSsz: posts small blind $2.50
PokerStarJ2: posts big blind $5
kelele45: posts the ante $1
ljryviltj: posts the ante $1
oledgyk: posts the ante $1
RAidakCo: posts the ante $1
typ6oky3mu4: posts the ante $1
AlexeSsz: posts the ante $1
PokerStarJ2: posts the ante $1
spzilla: posts the ante $1
pelyatww: posts the ante $1","
pelyatww: posts the ante $1"
240970036859,$2.50/$5.00 USD,2023/01/07 3:24:55 ET,Ancha II,9,6,"
Seat 1: kelele45 ($500 in chips)
Seat 2: ljryviltj ($676.47 in chips)
Seat 3: oledgyk ($500 in chips)
Seat 4: RAidakCo ($1084.37 in chips)
Seat 5: typ6oky3mu4 ($560.97 in chips)
Seat 6: AlexeSsz ($1167.46 in chips)
Seat 7: PokerStarJ2 ($500 in chips)
Seat 8: spzilla ($672.32 in chips)
Seat 9: pelyatww ($674.08 in chips)","
Seat 9: pelyatww ($674.08 in chips)","
PokerStarJ2: posts small blind $2.50
spzilla: posts big blind $5
kelele45: posts the ante $1
ljryviltj: posts the ante $1
oledgyk: posts the ante $1
RAidakCo: posts the ante $1
typ6oky3mu4: posts the ante $1
AlexeSsz: posts the ante $1
PokerStarJ2: posts the ante $1
spzilla: posts the ante $1
pelyatww: posts the ante $1","
pelyatww: posts the ante $1"
240970044041,$2.50/$5.00 USD,2023/01/07 3:25:53 ET,Ancha II,9,7,"
Seat 1: kelele45 ($500 in chips)
Seat 2: ljryviltj ($675.47 in chips)
Seat 3: oledgyk ($500 in chips)
Seat 4: RAidakCo ($1194.87 in chips)
Seat 5: typ6oky3mu4 ($559.97 in chips)
Seat 6: AlexeSsz ($1166.46 in chips)
Seat 7: PokerStarJ2 ($500 in chips)
Seat 8: spzilla ($580.82 in chips)
Seat 9: pelyatww ($660.58 in chips)","
Seat 9: pelyatww ($660.58 in chips)","
spzilla: posts small blind $2.50
pelyatww: posts big blind $5
kelele45: posts the ante $1
ljryviltj: posts the ante $1
oledgyk: posts the ante $1
RAidakCo: posts the ante $1
typ6oky3mu4: posts the ante $1
AlexeSsz: posts the ante $1
PokerStarJ2: posts the ante $1
spzilla: posts the ante $1
pelyatww: posts the ante $1","
pelyatww: posts the ante $1"
240970047392,$2.50/$5.00 USD,2023/01/07 3:26:21 ET,Ancha II,9,8,"
Seat 1: kelele45 ($500 in chips)
Seat 2: ljryviltj ($674.47 in chips)
Seat 3: oledgyk ($500 in chips)
Seat 4: RAidakCo ($1193.87 in chips)
Seat 5: typ6oky3mu4 ($533.97 in chips)
Seat 6: AlexeSsz ($1165.46 in chips)
Seat 7: PokerStarJ2 ($500 in chips)
Seat 8: spzilla ($577.32 in chips)
Seat 9: pelyatww ($693.08 in chips)","
Seat 9: pelyatww ($693.08 in chips)","
pelyatww: posts small blind $2.50
kelele45: posts big blind $5
kelele45: posts the ante $1
ljryviltj: posts the ante $1
oledgyk: posts the ante $1
RAidakCo: posts the ante $1
typ6oky3mu4: posts the ante $1
AlexeSsz: posts the ante $1
PokerStarJ2: posts the ante $1
spzilla: posts the ante $1
pelyatww: posts the ante $1","
pelyatww: posts the ante $1"
240970049957,$2.50/$5.00 USD,2023/01/07 3:26:42 ET,Ancha II,9,9,"
Seat 1: kelele45 ($500 in chips)
Seat 2: ljryviltj ($673.47 in chips)
Seat 3: oledgyk ($500 in chips)
Seat 4: RAidakCo ($1192.87 in chips)
Seat 5: typ6oky3mu4 ($532.97 in chips)
Seat 6: AlexeSsz ($1164.46 in chips)
Seat 7: PokerStarJ2 ($525.97 in chips)
Seat 8: spzilla ($563.77 in chips)
Seat 9: pelyatww ($689.58 in chips)","
Seat 9: pelyatww ($689.58 in chips)","
kelele45: posts small blind $2.50
ljryviltj: posts big blind $5
kelele45: posts the ante $1
ljryviltj: posts the ante $1
oledgyk: posts the ante $1
RAidakCo: posts the ante $1
typ6oky3mu4: posts the ante $1
AlexeSsz: posts the ante $1
PokerStarJ2: posts the ante $1
spzilla: posts the ante $1
pelyatww: posts the ante $1","
pelyatww: posts the ante $1"
240970056587,$2.50/$5.00 USD,2023/01/07 3:27:36 ET,Ancha II,9,2,"
Seat 1: kelele45 ($500 in chips)
Seat 2: ljryviltj ($657.72 in chips)
Seat 3: oledgyk ($510.50 in chips)
Seat 4: RAidakCo ($1190.87 in chips)
Seat 5: typ6oky3mu4 ($530.97 in chips)
Seat 6: AlexeSsz ($1183.51 in chips)
Seat 7: PokerStarJ2 ($523.97 in chips)
Seat 8: spzilla ($561.77 in chips)
Seat 9: pelyatww ($687.58 in chips)","
Seat 9: pelyatww ($687.58 in chips)","
oledgyk: posts small blind $2.50
RAidakCo: posts big blind $5
kelele45: posts the ante $1
ljryviltj: posts the ante $1
oledgyk: posts the ante $1
RAidakCo: posts the ante $1
typ6oky3mu4: posts the ante $1
AlexeSsz: posts the ante $1
PokerStarJ2: posts the ante $1
spzilla: posts the ante $1
pelyatww: posts the ante $1","
pelyatww: posts the ante $1"
240970067456,$2.50/$5.00 USD,2023/01/07 3:29:02 ET,Ancha II,9,3,"
Seat 1: kelele45 ($500 in chips)
Seat 2: ljryviltj ($656.72 in chips)
Seat 3: oledgyk ($628 in chips)
Seat 4: RAidakCo ($1184.87 in chips)
Seat 5: typ6oky3mu4 ($529.97 in chips)
Seat 6: AlexeSsz ($1182.51 in chips)
Seat 7: PokerStarJ2 ($500 in chips)
Seat 8: spzilla ($560.77 in chips)
Seat 9: pelyatww ($686.58 in chips)","
Seat 9: pelyatww ($686.58 in chips)","
RAidakCo: posts small blind $2.50
typ6oky3mu4: posts big blind $5
kelele45: posts the ante $1
ljryviltj: posts the ante $1
oledgyk: posts the ante $1
RAidakCo: posts the ante $1
typ6oky3mu4: posts the ante $1
AlexeSsz: posts the ante $1
PokerStarJ2: posts the ante $1
spzilla: posts the ante $1
pelyatww: posts the ante $1","
pelyatww: posts the ante $1"
240970086025,$2.50/$5.00 USD,2023/01/07 3:31:29 ET,Ancha II,9,6,"
Seat 1: kelele45 ($500 in chips)
Seat 2: ljryviltj ($653.72 in chips)
Seat 3: oledgyk ($748.50 in chips)
Seat 4: RAidakCo ($1179.37 in chips)
Seat 5: typ6oky3mu4 ($506.97 in chips)
Seat 6: AlexeSsz ($1133.51 in chips)
Seat 7: PokerStarJ2 ($523 in chips)
Seat 8: spzilla ($502.77 in chips)
Seat 9: pelyatww ($683.58 in chips)","
Seat 9: pelyatww ($683.58 in chips)","
PokerStarJ2: posts small blind $2.50
spzilla: posts big blind $5
kelele45: posts the ante $1
ljryviltj: posts the ante $1
oledgyk: posts the ante $1
RAidakCo: posts the ante $1
typ6oky3mu4: posts the ante $1
AlexeSsz: posts the ante $1
PokerStarJ2: posts the ante $1
spzilla: posts the ante $1
pelyatww: posts the ante $1","
pelyatww: posts the ante $1"
240970090886,$2.50/$5.00 USD,2023/01/07 3:32:07 ET,Ancha II,9,7,"
Seat 1: kelele45 ($500 in chips)
Seat 2: ljryviltj ($652.72 in chips)
Seat 3: oledgyk ($747.50 in chips)
Seat 4: RAidakCo ($1178.37 in chips)
Seat 5: typ6oky3mu4 ($505.97 in chips)
Seat 6: AlexeSsz ($1132.51 in chips)
Seat 7: PokerStarJ2 ($557.70 in chips)
Seat 8: spzilla ($496.77 in chips)
Seat 9: pelyatww ($657.88 in chips)","
Seat 9: pelyatww ($657.88 in chips)","
spzilla: posts small blind $2.50
pelyatww: posts big blind $5
kelele45: posts the ante $1
ljryviltj: posts the ante $1
oledgyk: posts the ante $1
RAidakCo: posts the ante $1
typ6oky3mu4: posts the ante $1
AlexeSsz: posts the ante $1
PokerStarJ2: posts the ante $1
spzilla: posts the ante $1
pelyatww: posts the ante $1","
pelyatww: posts the ante $1"
240970109099,$2.50/$5.00 USD,2023/01/07 3:34:28 ET,Ancha II,9,9,"
Seat 1: Zavorotny ($500 in chips)
Seat 2: ljryviltj ($650.72 in chips)
Seat 3: oledgyk ($675.50 in chips)
Seat 4: RAidakCo ($1122.87 in chips)
Seat 5: typ6oky3mu4 ($503.97 in chips)
Seat 6: AlexeSsz ($1130.51 in chips)
Seat 7: PokerStarJ2 ($851.70 in chips)
Seat 8: spzilla ($349.77 in chips)
Seat 9: pelyatww ($648.38 in chips)","
Seat 9: pelyatww ($648.38 in chips)","
Zavorotny: posts small blind $2.50
ljryviltj: posts big blind $5
Zavorotny: posts the ante $1
ljryviltj: posts the ante $1
oledgyk: posts the ante $1
RAidakCo: posts the ante $1
typ6oky3mu4: posts the ante $1
AlexeSsz: posts the ante $1
PokerStarJ2: posts the ante $1
spzilla: posts the ante $1
pelyatww: posts the ante $1","
pelyatww: posts the ante $1"
240970113751,$2.50/$5.00 USD,2023/01/07 3:35:04 ET,Ancha II,9,1,"
Seat 1: Zavorotny ($500 in chips)
Seat 2: ljryviltj ($644.72 in chips)
Seat 3: oledgyk ($674.50 in chips)
Seat 4: RAidakCo ($1121.87 in chips)
Seat 5: typ6oky3mu4 ($502.97 in chips)
Seat 6: AlexeSsz ($1129.51 in chips)
Seat 7: PokerStarJ2 ($850.70 in chips)
Seat 8: spzilla ($364.19 in chips)
Seat 9: pelyatww ($647.38 in chips)","
Seat 9: pelyatww ($647.38 in chips)","
ljryviltj: posts small blind $2.50
oledgyk: posts big blind $5
Zavorotny: posts the ante $1
ljryviltj: posts the ante $1
oledgyk: posts the ante $1
RAidakCo: posts the ante $1
typ6oky3mu4: posts the ante $1
AlexeSsz: posts the ante $1
PokerStarJ2: posts the ante $1
spzilla: posts the ante $1
pelyatww: posts the ante $1","
pelyatww: posts the ante $1"
240970119607,$2.50/$5.00 USD,2023/01/07 3:35:50 ET,Ancha II,9,2,"
Seat 1: Zavorotny ($500 in chips)
Seat 2: ljryviltj ($641.22 in chips)
Seat 3: oledgyk ($668.50 in chips)
Seat 4: RAidakCo ($1120.87 in chips)
Seat 5: typ6oky3mu4 ($501.97 in chips)
Seat 6: AlexeSsz ($1128.51 in chips)
Seat 7: PokerStarJ2 ($817.39 in chips)
Seat 8: spzilla ($409 in chips)
Seat 9: pelyatww ($646.38 in chips)","
Seat 9: pelyatww ($646.38 in chips)","
oledgyk: posts small blind $2.50
RAidakCo: posts big blind $5
Zavorotny: posts the ante $1
ljryviltj: posts the ante $1
oledgyk: posts the ante $1
RAidakCo: posts the ante $1
typ6oky3mu4: posts the ante $1
AlexeSsz: posts the ante $1
PokerStarJ2: posts the ante $1
spzilla: posts the ante $1
pelyatww: posts the ante $1","
pelyatww: posts the ante $1"
240970123575,$2.50/$5.00 USD,2023/01/07 3:36:22 ET,Ancha II,9,3,"
Seat 1: Zavorotny ($500 in chips)
Seat 2: ljryviltj ($640.22 in chips)
Seat 3: oledgyk ($655 in chips)
Seat 4: RAidakCo ($1114.87 in chips)
Seat 5: typ6oky3mu4 ($500.97 in chips)
Seat 6: AlexeSsz ($1127.51 in chips)
Seat 7: PokerStarJ2 ($816.39 in chips)
Seat 8: spzilla ($432.55 in chips)
Seat 9: pelyatww ($645.38 in chips)","
Seat 9: pelyatww ($645.38 in chips)","
RAidakCo: posts small blind $2.50
typ6oky3mu4: posts big blind $5
Zavorotny: posts the ante $1
ljryviltj: posts the ante $1
oledgyk: posts the ante $1
RAidakCo: posts the ante $1
typ6oky3mu4: posts the ante $1
AlexeSsz: posts the ante $1
PokerStarJ2: posts the ante $1
spzilla: posts the ante $1
pelyatww: posts the ante $1","
pelyatww: posts the ante $1"
240970129057,$2.50/$5.00 USD,2023/01/07 3:37:04 ET,Ancha II,9,4,"
Seat 1: Zavorotny ($500 in chips)
Seat 2: ljryviltj ($639.22 in chips)
Seat 3: oledgyk ($654 in chips)
Seat 4: RAidakCo ($1111.37 in chips)
Seat 5: typ6oky3mu4 ($500 in chips)
Seat 6: AlexeSsz ($1126.51 in chips)
Seat 7: PokerStarJ2 ($837.61 in chips)
Seat 8: spzilla ($431.55 in chips)
Seat 9: pelyatww ($644.38 in chips)","
Seat 9: pelyatww ($644.38 in chips)","
typ6oky3mu4: posts small blind $2.50
AlexeSsz: posts big blind $5
Zavorotny: posts the ante $1
ljryviltj: posts the ante $1
oledgyk: posts the ante $1
RAidakCo: posts the ante $1
typ6oky3mu4: posts the ante $1
AlexeSsz: posts the ante $1
PokerStarJ2: posts the ante $1
spzilla: posts the ante $1
pelyatww: posts the ante $1","
pelyatww: posts the ante $1"
240970639005,$2.50/$5.00 USD,2023/01/07 3:38:22 ET,Ancha II,9,6,"
Seat 1: Zavorotny ($500 in chips)
Seat 2: ljryviltj ($653.72 in chips)
Seat 3: oledgyk ($703.21 in chips)
Seat 4: RAidakCo ($1109.37 in chips)
Seat 5: typ6oky3mu4 ($500 in chips)
Seat 6: AlexeSsz ($1117.01 in chips)
Seat 7: PokerStarJ2 ($830.61 in chips)
Seat 8: spzilla ($391.84 in chips)
Seat 9: pelyatww ($642.38 in chips)","
Seat 9: pelyatww ($642.38 in chips)","
PokerStarJ2: posts small blind $2.50
spzilla: posts big blind $5
Zavorotny: posts the ante $1
ljryviltj: posts the ante $1
oledgyk: posts the ante $1
RAidakCo: posts the ante $1
typ6oky3mu4: posts the ante $1
AlexeSsz: posts the ante $1
PokerStarJ2: posts the ante $1
spzilla: posts the ante $1
pelyatww: posts the ante $1","
pelyatww: posts the ante $1"
240970646990,$2.50/$5.00 USD,2023/01/07 3:39:25 ET,Ancha II,9,7,"
Seat 1: Zavorotny ($500 in chips)
Seat 2: ljryviltj ($622.88 in chips)
Seat 3: oledgyk ($702.21 in chips)
Seat 4: RAidakCo ($1108.37 in chips)
Seat 5: typ6oky3mu4 ($500 in chips)
Seat 6: AlexeSsz ($1116.01 in chips)
Seat 7: PokerStarJ2 ($827.11 in chips)
Seat 8: spzilla ($429.18 in chips)
Seat 9: pelyatww ($641.38 in chips)","
Seat 9: pelyatww ($641.38 in chips)","
spzilla: posts small blind $2.50
pelyatww: posts big blind $5
Zavorotny: posts the ante $1
ljryviltj: posts the ante $1
oledgyk: posts the ante $1
RAidakCo: posts the ante $1
typ6oky3mu4: posts the ante $1
AlexeSsz: posts the ante $1
PokerStarJ2: posts the ante $1
spzilla: posts the ante $1
pelyatww: posts the ante $1","
pelyatww: posts the ante $1"
240970659652,$2.50/$5.00 USD,2023/01/07 3:41:03 ET,Ancha II,9,8,"
Seat 1: Zavorotny ($500 in chips)
Seat 2: ljryviltj ($621.88 in chips)
Seat 3: oledgyk ($701.21 in chips)
Seat 4: RAidakCo ($1107.37 in chips)
Seat 5: typ6oky3mu4 ($500 in chips)
Seat 6: AlexeSsz ($1234.29 in chips)
Seat 7: PokerStarJ2 ($826.11 in chips)
Seat 8: spzilla ($393.18 in chips)
Seat 9: pelyatww ($635.38 in chips)","
Seat 9: pelyatww ($635.38 in chips)","
pelyatww: posts small blind $2.50
Zavorotny: posts big blind $5
Zavorotny: posts the ante $1
ljryviltj: posts the ante $1
oledgyk: posts the ante $1
RAidakCo: posts the ante $1
typ6oky3mu4: posts the ante $1
AlexeSsz: posts the ante $1
PokerStarJ2: posts the ante $1
spzilla: posts the ante $1
pelyatww: posts the ante $1","
pelyatww: posts the ante $1"
240970664229,$2.50/$5.00 USD,2023/01/07 3:41:39 ET,Ancha II,9,9,"
Seat 1: Zavorotny ($500 in chips)
Seat 2: ljryviltj ($659.68 in chips)
Seat 3: oledgyk ($700.21 in chips)
Seat 4: RAidakCo ($1093.87 in chips)
Seat 5: typ6oky3mu4 ($500 in chips)
Seat 6: AlexeSsz ($1233.29 in chips)
Seat 7: PokerStarJ2 ($825.11 in chips)
Seat 8: spzilla ($379.68 in chips)
Seat 9: pelyatww ($631.88 in chips)","
Seat 9: pelyatww ($631.88 in chips)","
Zavorotny: posts small blind $2.50
ljryviltj: posts big blind $5
Zavorotny: posts the ante $1
ljryviltj: posts the ante $1
oledgyk: posts the ante $1
RAidakCo: posts the ante $1
typ6oky3mu4: posts the ante $1
AlexeSsz: posts the ante $1
PokerStarJ2: posts the ante $1
spzilla: posts the ante $1
pelyatww: posts the ante $1","
pelyatww: posts the ante $1"
240970668946,$2.50/$5.00 USD,2023/01/07 3:42:16 ET,Ancha II,9,1,"
Seat 1: Zavorotny ($500 in chips)
Seat 2: ljryviltj ($634.78 in chips)
Seat 3: oledgyk ($699.21 in chips)
Seat 4: RAidakCo ($1092.87 in chips)
Seat 5: typ6oky3mu4 ($500 in chips)
Seat 6: AlexeSsz ($1232.29 in chips)
Seat 7: PokerStarJ2 ($824.11 in chips)
Seat 8: spzilla ($378.68 in chips)
Seat 9: pelyatww ($663.32 in chips)","
Seat 9: pelyatww ($663.32 in chips)","
ljryviltj: posts small blind $2.50
oledgyk: posts big blind $5
Zavorotny: posts the ante $1
ljryviltj: posts the ante $1
oledgyk: posts the ante $1
RAidakCo: posts the ante $1
typ6oky3mu4: posts the ante $1
AlexeSsz: posts the ante $1
PokerStarJ2: posts the ante $1
spzilla: posts the ante $1
pelyatww: posts the ante $1","
pelyatww: posts the ante $1"
240970673459,$2.50/$5.00 USD,2023/01/07 3:42:51 ET,Ancha II,9,2,"
Seat 1: Zavorotny ($532.68 in chips)
Seat 2: ljryviltj ($631.28 in chips)
Seat 3: oledgyk ($693.21 in chips)
Seat 4: RAidakCo ($1091.87 in chips)
Seat 5: typ6oky3mu4 ($500 in chips)
Seat 6: AlexeSsz ($1231.29 in chips)
Seat 7: PokerStarJ2 ($823.11 in chips)
Seat 8: spzilla ($357.68 in chips)
Seat 9: pelyatww ($662.32 in chips)","
Seat 9: pelyatww ($662.32 in chips)","
oledgyk: posts small blind $2.50
RAidakCo: posts big blind $5
Zavorotny: posts the ante $1
ljryviltj: posts the ante $1
oledgyk: posts the ante $1
RAidakCo: posts the ante $1
typ6oky3mu4: posts the ante $1
AlexeSsz: posts the ante $1
PokerStarJ2: posts the ante $1
spzilla: posts the ante $1
pelyatww: posts the ante $1","
pelyatww: posts the ante $1"
240970687466,$2.50/$5.00 USD,2023/01/07 3:44:41 ET,Ancha II,9,4,"
Seat 1: Zavorotny ($515.68 in chips)
Seat 2: ljryviltj ($718.53 in chips)
Seat 3: oledgyk ($688.71 in chips)
Seat 4: RAidakCo ($1082.37 in chips)
Seat 5: typ6oky3mu4 ($500 in chips)
Seat 6: AlexeSsz ($1229.29 in chips)
Seat 7: PokerStarJ2 ($821.11 in chips)
Seat 8: spzilla ($311.43 in chips)
Seat 9: pelyatww ($660.32 in chips)","
Seat 9: pelyatww ($660.32 in chips)","
typ6oky3mu4: posts small blind $2.50
AlexeSsz: posts big blind $5
Zavorotny: posts the ante $1
ljryviltj: posts the ante $1
oledgyk: posts the ante $1
RAidakCo: posts the ante $1
typ6oky3mu4: posts the ante $1
AlexeSsz: posts the ante $1
PokerStarJ2: posts the ante $1
spzilla: posts the ante $1
pelyatww: posts the ante $1","
pelyatww: posts the ante $1"
240970708538,$2.50/$5.00 USD,2023/01/07 3:47:20 ET,Ancha II,9,6,"
Seat 1: Zavorotny ($513.68 in chips)
Seat 2: ljryviltj ($716.53 in chips)
Seat 3: oledgyk ($686.71 in chips)
Seat 4: RAidakCo ($1080.37 in chips)
Seat 5: typ6oky3mu4 ($500 in chips)
Seat 6: AlexeSsz ($1339.98 in chips)
Seat 7: PokerStarJ2 ($814.11 in chips)
Seat 8: spzilla ($309.43 in chips)
Seat 9: pelyatww ($568.13 in chips)","
Seat 9: pelyatww ($568.13 in chips)","
PokerStarJ2: posts small blind $2.50
spzilla: posts big blind $5
Zavorotny: posts the ante $1
ljryviltj: posts the ante $1
oledgyk: posts the ante $1
RAidakCo: posts the ante $1
typ6oky3mu4: posts the ante $1
AlexeSsz: posts the ante $1
PokerStarJ2: posts the ante $1
spzilla: posts the ante $1
pelyatww: posts the ante $1","
pelyatww: posts the ante $1"
240970724968,$2.50/$5.00 USD,2023/01/07 3:49:24 ET,Ancha II,9,7,"
Seat 1: Zavorotny ($500 in chips)
Seat 2: ljryviltj ($715.53 in chips)
Seat 3: oledgyk ($661.66 in chips)
Seat 4: RAidakCo ($1074.37 in chips)
Seat 5: typ6oky3mu4 ($500 in chips)
Seat 6: AlexeSsz ($1338.98 in chips)
Seat 7: PokerStarJ2 ($810.61 in chips)
Seat 8: spzilla ($659.41 in chips)
Seat 9: pelyatww ($567.13 in chips)","
Seat 9: pelyatww ($567.13 in chips)","
spzilla: posts small blind $2.50
pelyatww: posts big blind $5
Zavorotny: posts the ante $1
ljryviltj: posts the ante $1
oledgyk: posts the ante $1
RAidakCo: posts the ante $1
typ6oky3mu4: posts the ante $1
AlexeSsz: posts the ante $1
PokerStarJ2: posts the ante $1
spzilla: posts the ante $1
pelyatww: posts the ante $1","
pelyatww: posts the ante $1"
240970735717,$2.50/$5.00 USD,2023/01/07 3:50:46 ET,Ancha II,9,9,"
Seat 1: Zavorotny ($500 in chips)
Seat 2: ljryviltj ($713.53 in chips)
Seat 3: oledgyk ($659.66 in chips)
Seat 4: RAidakCo ($1072.37 in chips)
Seat 5: typ6oky3mu4 ($500 in chips)
Seat 6: AlexeSsz ($1340.98 in chips)
Seat 7: PokerStarJ2 ($808.61 in chips)
Seat 8: spzilla ($622.82 in chips)
Seat 9: pelyatww ($615.72 in chips)","
Seat 9: pelyatww ($615.72 in chips)","
Zavorotny: posts small blind $2.50
ljryviltj: posts big blind $5
Zavorotny: posts the ante $1
ljryviltj: posts the ante $1
oledgyk: posts the ante $1
RAidakCo: posts the ante $1
typ6oky3mu4: posts the ante $1
AlexeSsz: posts the ante $1
PokerStarJ2: posts the ante $1
spzilla: posts the ante $1
pelyatww: posts the ante $1","
pelyatww: posts the ante $1"
240970740316,$2.50/$5.00 USD,2023/01/07 3:51:20 ET,Ancha II,9,1,"
Seat 1: Zavorotny ($500 in chips)
Seat 2: ljryviltj ($701.28 in chips)
Seat 3: oledgyk ($658.66 in chips)
Seat 4: RAidakCo ($1071.37 in chips)
Seat 5: typ6oky3mu4 ($500 in chips)
Seat 6: AlexeSsz ($1361.03 in chips)
Seat 7: PokerStarJ2 ($807.61 in chips)
Seat 8: spzilla ($621.82 in chips)
Seat 9: pelyatww ($614.72 in chips)","
Seat 9: pelyatww ($614.72 in chips)","
ljryviltj: posts small blind $2.50
oledgyk: posts big blind $5
Zavorotny: posts the ante $1
ljryviltj: posts the ante $1
oledgyk: posts the ante $1
RAidakCo: posts the ante $1
typ6oky3mu4: posts the ante $1
AlexeSsz: posts the ante $1
PokerStarJ2: posts the ante $1
spzilla: posts the ante $1
pelyatww: posts the ante $1","
pelyatww: posts the ante $1"
240970745330,$2.50/$5.00 USD,2023/01/07 3:51:58 ET,Ancha II,9,2,"
Seat 1: Zavorotny ($500 in chips)
Seat 2: ljryviltj ($697.78 in chips)
Seat 3: oledgyk ($652.66 in chips)
Seat 4: RAidakCo ($1122.31 in chips)
Seat 5: typ6oky3mu4 ($500 in chips)
Seat 6: AlexeSsz ($1360.03 in chips)
Seat 7: PokerStarJ2 ($806.61 in chips)
Seat 8: spzilla ($582.38 in chips)
Seat 9: pelyatww ($613.72 in chips)","
Seat 9: pelyatww ($613.72 in chips)","
oledgyk: posts small blind $2.50
RAidakCo: posts big blind $5
Zavorotny: posts the ante $1
ljryviltj: posts the ante $1
oledgyk: posts the ante $1
RAidakCo: posts the ante $1
typ6oky3mu4: posts the ante $1
AlexeSsz: posts the ante $1
PokerStarJ2: posts the ante $1
spzilla: posts the ante $1
pelyatww: posts the ante $1","
pelyatww: posts the ante $1"
240970753094,$2.50/$5.00 USD,2023/01/07 3:52:57 ET,Ancha II,9,3,"
Seat 1: Zavorotny ($500 in chips)
Seat 2: ljryviltj ($696.78 in chips)
Seat 3: oledgyk ($649.16 in chips)
Seat 4: RAidakCo ($1093.91 in chips)
Seat 5: typ6oky3mu4 ($500 in chips)
Seat 6: AlexeSsz ($1394.93 in chips)
Seat 7: PokerStarJ2 ($805.61 in chips)
Seat 8: spzilla ($581.38 in chips)
Seat 9: pelyatww ($612.72 in chips)","
Seat 9: pelyatww ($612.72 in chips)","
RAidakCo: posts small blind $2.50
typ6oky3mu4: posts big blind $5
Zavorotny: posts the ante $1
ljryviltj: posts the ante $1
oledgyk: posts the ante $1
RAidakCo: posts the ante $1
typ6oky3mu4: posts the ante $1
AlexeSsz: posts the ante $1
PokerStarJ2: posts the ante $1
spzilla: posts the ante $1
pelyatww: posts the ante $1","
pelyatww: posts the ante $1"
240970769166,$2.50/$5.00 USD,2023/01/07 3:54:59 ET,Ancha II,9,5,"
Seat 1: Zavorotny ($515.50 in chips)
Seat 2: ljryviltj ($694.78 in chips)
Seat 3: oledgyk ($647.16 in chips)
Seat 4: RAidakCo ($1089.41 in chips)
Seat 5: typ6oky3mu4 ($597.25 in chips)
Seat 6: AlexeSsz ($1387.93 in chips)
Seat 7: PokerStarJ2 ($803.61 in chips)
Seat 8: spzilla ($579.38 in chips)
Seat 9: pelyatww ($610.72 in chips)","
Seat 9: pelyatww ($610.72 in chips)","
AlexeSsz: posts small blind $2.50
PokerStarJ2: posts big blind $5
Zavorotny: posts the ante $1
ljryviltj: posts the ante $1
oledgyk: posts the ante $1
RAidakCo: posts the ante $1
typ6oky3mu4: posts the ante $1
AlexeSsz: posts the ante $1
PokerStarJ2: posts the ante $1
spzilla: posts the ante $1
pelyatww: posts the ante $1","
pelyatww: posts the ante $1"
240970774316,$2.50/$5.00 USD,2023/01/07 3:55:42 ET,Ancha II,9,6,"
Seat 1: Zavorotny ($514.50 in chips)
Seat 2: ljryviltj ($693.78 in chips)
Seat 3: oledgyk ($646.16 in chips)
Seat 4: RAidakCo ($1088.41 in chips)
Seat 5: typ6oky3mu4 ($596.25 in chips)
Seat 6: AlexeSsz ($1415.99 in chips)
Seat 7: PokerStarJ2 ($779.82 in chips)
Seat 8: spzilla ($578.38 in chips)
Seat 9: pelyatww ($609.72 in chips)","
Seat 9: pelyatww ($609.72 in chips)","
PokerStarJ2: posts small blind $2.50
spzilla: posts big blind $5
Zavorotny: posts the ante $1
ljryviltj: posts the ante $1
oledgyk: posts the ante $1
RAidakCo: posts the ante $1
typ6oky3mu4: posts the ante $1
AlexeSsz: posts the ante $1
PokerStarJ2: posts the ante $1
spzilla: posts the ante $1
pelyatww: posts the ante $1","
pelyatww: posts the ante $1"
240970778099,$2.50/$5.00 USD,2023/01/07 3:56:15 ET,Ancha II,9,7,"
Seat 1: Zavorotny ($513.50 in chips)
Seat 2: ljryviltj ($680.28 in chips)
Seat 3: oledgyk ($645.16 in chips)
Seat 4: RAidakCo ($1087.41 in chips)
Seat 5: typ6oky3mu4 ($595.25 in chips)
Seat 6: AlexeSsz ($1414.99 in chips)
Seat 7: PokerStarJ2 ($776.32 in chips)
Seat 8: spzilla ($599.56 in chips)
Seat 9: pelyatww ($608.72 in chips)","
Seat 9: pelyatww ($608.72 in chips)","
spzilla: posts small blind $2.50
pelyatww: posts big blind $5
Zavorotny: posts the ante $1
ljryviltj: posts the ante $1
oledgyk: posts the ante $1
RAidakCo: posts the ante $1
typ6oky3mu4: posts the ante $1
AlexeSsz: posts the ante $1
PokerStarJ2: posts the ante $1
spzilla: posts the ante $1
pelyatww: posts the ante $1","
pelyatww: posts the ante $1"
240970784512,$2.50/$5.00 USD,2023/01/07 3:57:10 ET,Ancha II,9,8,"
Seat 1: Zavorotny ($512.50 in chips)
Seat 2: ljryviltj ($679.28 in chips)
Seat 3: oledgyk ($644.16 in chips)
Seat 4: RAidakCo ($1086.41 in chips)
Seat 5: typ6oky3mu4 ($594.25 in chips)
Seat 7: PokerStarJ2 ($775.32 in chips)
Seat 8: spzilla ($622.32 in chips)
Seat 9: pelyatww ($590.82 in chips)","
Seat 9: pelyatww ($590.82 in chips)","
pelyatww: posts small blind $2.50
Zavorotny: posts big blind $5
Zavorotny: posts the ante $1
ljryviltj: posts the ante $1
oledgyk: posts the ante $1
RAidakCo: posts the ante $1
typ6oky3mu4: posts the ante $1
PokerStarJ2: posts the ante $1
spzilla: posts the ante $1
pelyatww: posts the ante $1","
pelyatww: posts the ante $1"
240970792561,$2.50/$5.00 USD,2023/01/07 3:58:18 ET,Ancha II,9,1,"
Seat 1: Zavorotny ($531 in chips)
Seat 2: ljryviltj ($672.28 in chips)
Seat 3: oledgyk ($642.16 in chips)
Seat 4: RAidakCo ($1084.41 in chips)
Seat 5: typ6oky3mu4 ($592.25 in chips)
Seat 7: PokerStarJ2 ($773.32 in chips)
Seat 8: spzilla ($637.17 in chips)
Seat 9: pelyatww ($571.32 in chips)","
Seat 9: pelyatww ($571.32 in chips)","
ljryviltj: posts small blind $2.50
oledgyk: posts big blind $5
Zavorotny: posts the ante $1
ljryviltj: posts the ante $1
oledgyk: posts the ante $1
RAidakCo: posts the ante $1
typ6oky3mu4: posts the ante $1
PokerStarJ2: posts the ante $1
spzilla: posts the ante $1
pelyatww: posts the ante $1","
pelyatww: posts the ante $1"
240970802962,$2.50/$5.00 USD,2023/01/07 3:59:45 ET,Ancha II,9,3,"
Seat 1: Zavorotny ($529 in chips)
Seat 2: ljryviltj ($667.78 in chips)
Seat 3: oledgyk ($739.72 in chips)
Seat 4: RAidakCo ($1077.41 in chips)
Seat 5: typ6oky3mu4 ($590.25 in chips)
Seat 6: AlexeSsz ($1412.99 in chips)
Seat 7: PokerStarJ2 ($771.32 in chips)
Seat 8: spzilla ($560.61 in chips)
Seat 9: pelyatww ($565.82 in chips)","
Seat 9: pelyatww ($565.82 in chips)","
RAidakCo: posts small blind $2.50
typ6oky3mu4: posts big blind $5
Zavorotny: posts the ante $1
ljryviltj: posts the ante $1
oledgyk: posts the ante $1
RAidakCo: posts the ante $1
typ6oky3mu4: posts the ante $1
AlexeSsz: posts the ante $1
PokerStarJ2: posts the ante $1
spzilla: posts the ante $1
pelyatww: posts the ante $1","
pelyatww: posts the ante $1"
240970808816,$2.50/$5.00 USD,2023/01/07 4:00:35 ET,Ancha II,9,4,"
Seat 1: Zavorotny ($528 in chips)
Seat 2: ljryviltj ($666.78 in chips)
Seat 3: oledgyk ($862.22 in chips)
Seat 4: RAidakCo ($1073.91 in chips)
Seat 5: typ6oky3mu4 ($584.25 in chips)
Seat 6: AlexeSsz ($1411.99 in chips)
Seat 7: PokerStarJ2 ($715.32 in chips)
Seat 8: spzilla ($504.61 in chips)
Seat 9: pelyatww ($564.82 in chips)","
Seat 9: pelyatww ($564.82 in chips)","
typ6oky3mu4: posts small blind $2.50
AlexeSsz: posts big blind $5
Zavorotny: posts the ante $1
ljryviltj: posts the ante $1
oledgyk: posts the ante $1
RAidakCo: posts the ante $1
typ6oky3mu4: posts the ante $1
AlexeSsz: posts the ante $1
PokerStarJ2: posts the ante $1
spzilla: posts the ante $1
pelyatww: posts the ante $1","
pelyatww: posts the ante $1"
240970813065,$2.50/$5.00 USD,2023/01/07 4:01:08 ET,Ancha II,9,5,"
Seat 1: Zavorotny ($527 in chips)
Seat 2: ljryviltj ($665.78 in chips)
Seat 3: oledgyk ($861.22 in chips)
Seat 4: RAidakCo ($1126.41 in chips)
Seat 5: typ6oky3mu4 ($580.75 in chips)
Seat 6: AlexeSsz ($1405.99 in chips)
Seat 8: spzilla ($503.61 in chips)
Seat 9: pelyatww ($563.82 in chips)","
Seat 9: pelyatww ($563.82 in chips)","
AlexeSsz: posts small blind $2.50
PokerStarJ2: is sitting out
spzilla: posts big blind $5
Zavorotny: posts the ante $1
ljryviltj: posts the ante $1
oledgyk: posts the ante $1
RAidakCo: posts the ante $1
typ6oky3mu4: posts the ante $1
AlexeSsz: posts the ante $1
spzilla: posts the ante $1
pelyatww: posts the ante $1","
pelyatww: posts the ante $1"
240970823645,$2.50/$5.00 USD,2023/01/07 4:02:28 ET,Ancha II,9,8,"
Seat 1: Zavorotny ($525 in chips)
Seat 2: ljryviltj ($663.78 in chips)
Seat 3: oledgyk ($844.22 in chips)
Seat 4: RAidakCo ($1124.41 in chips)
Seat 5: typ6oky3mu4 ($665.70 in chips)
Seat 6: AlexeSsz ($1388.99 in chips)
Seat 8: spzilla ($462.66 in chips)
Seat 9: pelyatww ($556.82 in chips)","
Seat 9: pelyatww ($556.82 in chips)","
pelyatww: posts small blind $2.50
Zavorotny: posts big blind $5
Gratitdude: sits out
Zavorotny: posts the ante $1
ljryviltj: posts the ante $1
oledgyk: posts the ante $1
RAidakCo: posts the ante $1
typ6oky3mu4: posts the ante $1
AlexeSsz: posts the ante $1
spzilla: posts the ante $1
pelyatww: posts the ante $1","
pelyatww: posts the ante $1"
240970833578,$2.50/$5.00 USD,2023/01/07 4:03:42 ET,Ancha II,9,9,"
Seat 1: Zavorotny ($519 in chips)
Seat 2: ljryviltj ($662.78 in chips)
Seat 3: oledgyk ($843.22 in chips)
Seat 4: RAidakCo ($1123.41 in chips)
Seat 5: typ6oky3mu4 ($664.70 in chips)
Seat 6: AlexeSsz ($1610.59 in chips)
Seat 8: spzilla ($319.06 in chips)
Seat 9: pelyatww ($500 in chips)","
Seat 9: pelyatww ($500 in chips)","
Zavorotny: posts small blind $2.50
ljryviltj: posts big blind $5
Gratitdude: sits out
Zavorotny: posts the ante $1
ljryviltj: posts the ante $1
oledgyk: posts the ante $1
RAidakCo: posts the ante $1
typ6oky3mu4: posts the ante $1
AlexeSsz: posts the ante $1
spzilla: posts the ante $1
pelyatww: posts the ante $1","
pelyatww: posts the ante $1"
